{   
	"name": "dh2e_resources",   
	"title": "Dark Heresy 2nd Edition Resource Pack",   
	"description": "750 Items from 4 rulebooks + 1 torch",   
	"author": "Nosferaschu",
	"version": "0.6.1",
	"url": "https://github.com/Nosferaschu/dh2e_resources",
    "manifest": "https://raw.githubusercontent.com/Nosferaschu/dh2e_resources/module.json",
    "download": "https://github.com/Nosferaschu/dh2e_resources/raw/module.zip",
	"systems": ["dark-heresy"],
	"minimumCoreVersion": "0.7.9",
	"compatibleCoreVersion":"0.7.9",
	"packs": [
	{
      "name": "Ammunition",
      "label": "Ammunition",
	  "system": "dark-heresy",
      "path": "packs/ammunition.db",
      "entity": "Item",
      "module": "dh2e_resources"
    },
	{
      "name": "Aptitudes",
      "label": "Aptitudes",
	  "system": "dark-heresy",
      "path": "packs/aptitudes.db",
      "entity": "Item",
      "module": "dh2e_resources"
    },
	{
      "name": "Armor",
      "label": "Armor",
	  "system": "dark-heresy",
      "path": "packs/armor.db",
      "entity": "Item",
      "module": "dh2e_resources"
    },
	{
      "name": "Cybernetics",
      "label": "Cybernetics",
	  "system": "dark-heresy",
      "path": "packs/cybernetics.db",
      "entity": "Item",
      "module": "dh2e_resources"
    },
	{
      "name": "Drugsconsumables",
      "label": "Drugs and Consumables",
	  "system": "dark-heresy",
      "path": "packs/drugsconsumables.db",
      "entity": "Item",
      "module": "dh2e_resources"
    },
	{
      "name": "Forcefields",
      "label": "Force Fields",
	  "system": "dark-heresy",
      "path": "packs/force-fields.db",
      "entity": "Item",
      "module": "dh2e_resources"
    },
	{
      "name": "Gear",
      "label": "Gear",
	  "system": "dark-heresy",
      "path": "packs/gear.db",
      "entity": "Item",
      "module": "dh2e_resources"
    },
	{
      "name": "MeeleWeapons",
      "label": "Meele Weapons",
	  "system": "dark-heresy",
      "path": "packs/meele-weapons.db",
      "entity": "Item",
      "module": "dh2e_resources"
    },
	{
      "name": "Psychicpowers",
      "label": "Psychic Powers",
	  "system": "dark-heresy",
      "path": "packs/psychicpowers.db",
      "entity": "Item",
      "module": "dh2e_resources"
    },
    {
      "name": "RangeWeapons",
      "label": "Range Weapons",
	  "system": "dark-heresy",
      "path": "packs/range-weapons.db",
      "entity": "Item",
      "module": "dh2e_resources"
    },
	{
      "name": "Special Abilities",
      "label": "Special Abilities",
	  "system": "dark-heresy",
      "path": "packs/special-abilities.db",
      "entity": "Item",
      "module": "dh2e_resources"
    },
	{
      "name": "Talents",
      "label": "Talents",
	  "system": "dark-heresy",
      "path": "packs/talents.db",
      "entity": "Item",
      "module": "dh2e_resources"
    },
	{
      "name": "Tools",
      "label": "Tools",
	  "system": "dark-heresy",
      "path": "packs/tools.db",
      "entity": "Item",
      "module": "dh2e_resources"
    },
	{
      "name": "Traits",
      "label": "Traits",
	  "system": "dark-heresy",
      "path": "packs/traits.db",
      "entity": "Item",
      "module": "dh2e_resources"
    },
	{
      "name": "WeaponarmorModifications",
      "label": "Weapon and Armor Modifications",
	  "system": "dark-heresy",
      "path": "packs/weaponarmor-modifications.db",
      "entity": "Item",
      "module": "dh2e_resources"
    }
  ]
 }