{   
	"name": "dh2e_resources",   
	"title": "Dark Heresy 2nd Edition Resource Pack",   
	"description": "750+ Items from 4 rulebooks and self created",   
	"author": "Nosferaschu",
	"version": "0.7.0",
	"url": "https://github.com/Nosferaschu/dh2e_resources",
    "manifest": "https://raw.githubusercontent.com/Nosferaschu/dh2e_resources/module.json",
    "download": "https://github.com/Nosferaschu/dh2e_resources/raw/module.zip",
	"systems": ["dark-heresy"],
	"minimumCoreVersion": "0.7.9",
	"compatibleCoreVersion":"0.7.9",
	"packs": [
	{
      "name": "Ammunition_Explosives",
      "label": "Ammunition: Explosives",
	  "system": "dark-heresy",
      "path": "packs/Ammunition/explosives.db",
      "entity": "Item",
      "module": "dh2e_resources"
    },
	{
      "name": "Ammunition_Special",
      "label": "Ammunition: Special",
	  "system": "dark-heresy",
      "path": "packs/Ammunition/special.db",
      "entity": "Item",
      "module": "dh2e_resources"
    },
	{
      "name": "Ammunition_Standard",
      "label": "Ammunition: Standard",
	  "system": "dark-heresy",
      "path": "packs/Ammunition/standard.db",
      "entity": "Item",
      "module": "dh2e_resources"
    },
	{
      "name": "Ammunition_Xeno",
      "label": "Ammunition: Xeno",
	  "system": "dark-heresy",
      "path": "packs/Ammunition/xeno.db",
      "entity": "Item",
      "module": "dh2e_resources"
    },
	{
      "name": "Aptitudes",
      "label": "Aptitudes",
	  "system": "dark-heresy",
      "path": "packs/aptitudes.db",
      "entity": "Item",
      "module": "dh2e_resources"
    },
	{
      "name": "Armor_Basic",
      "label": "Armor: Basic",
	  "system": "dark-heresy",
      "path": "packs/Armor/basic.db",
      "entity": "Item",
      "module": "dh2e_resources"
    },
	{
      "name": "Armor_Carapace",
      "label": "Armor: Carapace",
	  "system": "dark-heresy",
      "path": "packs/Armor/carapace.db",
      "entity": "Item",
      "module": "dh2e_resources"
    },
	{
      "name": "Armor_Flak",
      "label": "Armor: Flak",
	  "system": "dark-heresy",
      "path": "packs/Armor/flak.db",
      "entity": "Item",
      "module": "dh2e_resources"
    },
	{
      "name": "Armor_Mesh",
      "label": "Armor: Mesh",
	  "system": "dark-heresy",
      "path": "packs/Armor/mesh.db",
      "entity": "Item",
      "module": "dh2e_resources"
    },
	{
      "name": "Armor_Power_Armor",
      "label": "Armor: Power Armor",
	  "system": "dark-heresy",
      "path": "packs/Armor/power-armor.db",
      "entity": "Item",
      "module": "dh2e_resources"
    },
	{
      "name": "Cybernetics",
      "label": "Cybernetics",
	  "system": "dark-heresy",
      "path": "packs/cybernetics.db",
      "entity": "Item",
      "module": "dh2e_resources"
    },
	{
      "name": "Drugsconsumables",
      "label": "Drugs & Consumables",
	  "system": "dark-heresy",
      "path": "packs/drugs-and-consumables.db",
      "entity": "Item",
      "module": "dh2e_resources"
    },
	{
      "name": "Forcefields",
      "label": "Force Fields",
	  "system": "dark-heresy",
      "path": "packs/force-fields.db",
      "entity": "Item",
      "module": "dh2e_resources"
    },
	{
      "name": "Gear",
      "label": "Gear",
	  "system": "dark-heresy",
      "path": "packs/gear.db",
      "entity": "Item",
      "module": "dh2e_resources"
    },
	{
      "name": "MeeleWeapons_Chain",
      "label": "Meele Weapons: Chain",
	  "system": "dark-heresy",
      "path": "packs/Meele/chain.db",
      "entity": "Item",
      "module": "dh2e_resources"
    },
	{
      "name": "MeeleWeapons_Flame",
      "label": "Meele Weapons: Flame",
	  "system": "dark-heresy",
      "path": "packs/Meele/flame.db",
      "entity": "Item",
      "module": "dh2e_resources"
    },
	{
      "name": "MeeleWeapons_Force",
      "label": "Meele Weapons: Force",
	  "system": "dark-heresy",
      "path": "packs/Meele/force.db",
      "entity": "Item",
      "module": "dh2e_resources"
    },
	{
      "name": "MeeleWeapons_Low-Tech",
      "label": "Meele Weapons: Low-Tech",
	  "system": "dark-heresy",
      "path": "packs/Meele/low-tech.db",
      "entity": "Item",
      "module": "dh2e_resources"
    },
	{
      "name": "MeeleWeapons_Power",
      "label": "Meele Weapons: Power",
	  "system": "dark-heresy",
      "path": "packs/Meele/power.db",
      "entity": "Item",
      "module": "dh2e_resources"
    },
	{
      "name": "MeeleWeapons_Shock",
      "label": "Meele Weapons: Shock",
	  "system": "dark-heresy",
      "path": "packs/Meele/shock.db",
      "entity": "Item",
      "module": "dh2e_resources"
    },
	{
      "name": "MeeleWeapons_Xeno",
      "label": "Meele Weapons: Xeno",
	  "system": "dark-heresy",
      "path": "packs/Meele/xeno.db",
      "entity": "Item",
      "module": "dh2e_resources"
    },
	{
      "name": "PsychicPowers_Biomancy",
      "label": "Psychic Powers: Biomancy",
	  "system": "dark-heresy",
      "path": "packs/psychicPowers/biomancy.db",
      "entity": "Item",
      "module": "dh2e_resources"
    },
	{
      "name": "PsychicPowers_Divination",
      "label": "Psychic Powers: Divination",
	  "system": "dark-heresy",
      "path": "packs/psychicPowers/divination.db",
      "entity": "Item",
      "module": "dh2e_resources"
    },
	{
      "name": "PsychicPowers_Malefic",
      "label": "Psychic Powers: Malefic",
	  "system": "dark-heresy",
      "path": "packs/psychicPowers/malefic.db",
      "entity": "Item",
      "module": "dh2e_resources"
    },
	{
      "name": "PsychicPowers_Minor",
      "label": "Psychic Powers: Minor",
	  "system": "dark-heresy",
      "path": "packs/psychicPowers/minor.db",
      "entity": "Item",
      "module": "dh2e_resources"
    },
	{
      "name": "PsychicPowers_Pyromancy",
      "label": "Psychic Powers: Pyromancy",
	  "system": "dark-heresy",
      "path": "packs/psychicPowers/pyromancy.db",
      "entity": "Item",
      "module": "dh2e_resources"
    },
	{
      "name": "PsychicPowers_Sanctic",
      "label": "Psychic Powers: Sanctic",
	  "system": "dark-heresy",
      "path": "packs/psychicPowers/sanctic.db",
      "entity": "Item",
      "module": "dh2e_resources"
    },
	{
      "name": "PsychicPowers_Telekinesis",
      "label": "Psychic Powers: Telekinesis",
	  "system": "dark-heresy",
      "path": "packs/psychicPowers/telekinesis.db",
      "entity": "Item",
      "module": "dh2e_resources"
    },
	{
      "name": "PsychicPowers_Telepathy",
      "label": "Psychic Powers: Telepathy",
	  "system": "dark-heresy",
      "path": "packs/psychicPowers/telepathy.db",
      "entity": "Item",
      "module": "dh2e_resources"
    },
    {
      "name": "RangeWeapons_Bolt",
      "label": "Range Weapons: Bolt",
	  "system": "dark-heresy",
      "path": "packs/Range/bolt.db",
      "entity": "Item",
      "module": "dh2e_resources"
    },
	{
      "name": "RangeWeapons_Exotic",
      "label": "Range Weapons: Exotic",
	  "system": "dark-heresy",
      "path": "packs/Range/exotic.db",
      "entity": "Item",
      "module": "dh2e_resources"
    },
	{
      "name": "RangeWeapons_Flame",
      "label": "Range Weapons: Flame",
	  "system": "dark-heresy",
      "path": "packs/Range/flame.db",
      "entity": "Item",
      "module": "dh2e_resources"
    },
	{
      "name": "RangeWeapons_Laser",
      "label": "Range Weapons: Laser",
	  "system": "dark-heresy",
      "path": "packs/Range/laser.db",
      "entity": "Item",
      "module": "dh2e_resources"
    },
	{
      "name": "RangeWeapons_Launcher",
      "label": "Range Weapons: Launcher",
	  "system": "dark-heresy",
      "path": "packs/Range/launcher.db",
      "entity": "Item",
      "module": "dh2e_resources"
    },
	{
      "name": "RangeWeapons_Low-Tech",
      "label": "Range Weapons: Low-Tech",
	  "system": "dark-heresy",
      "path": "packs/Range/low-tech.db",
      "entity": "Item",
      "module": "dh2e_resources"
    },
	{
      "name": "RangeWeapons_Melta",
      "label": "Range Weapons: Melta",
	  "system": "dark-heresy",
      "path": "packs/Range/melta.db",
      "entity": "Item",
      "module": "dh2e_resources"
    },
	{
      "name": "RangeWeapons_Plasma",
      "label": "Range Weapons: Plasma",
	  "system": "dark-heresy",
      "path": "packs/Range/plasma.db",
      "entity": "Item",
      "module": "dh2e_resources"
    },
	{
      "name": "RangeWeapons_Solid-Projectile",
      "label": "Range Weapons: Solid-Projectile",
	  "system": "dark-heresy",
      "path": "packs/Range/solid-projectile.db",
      "entity": "Item",
      "module": "dh2e_resources"
    },
	{
      "name": "RangeWeapons_Xeno",
      "label": "Range Weapons: Xeno",
	  "system": "dark-heresy",
      "path": "packs/Range/xeno.db",
      "entity": "Item",
      "module": "dh2e_resources"
    },
	{
      "name": "SpecialAbilities_Background-Bonus",
      "label": "Special Abilities: Background Bonus",
	  "system": "dark-heresy",
      "path": "packs/SpecialAbilities/background-bonus.db",
      "entity": "Item",
      "module": "dh2e_resources"
    },
	{
      "name": "SpecialAbilities_Home-World-Bonus",
      "label": "Special Abilities: Home World Bonus",
	  "system": "dark-heresy",
      "path": "packs/SpecialAbilities/home-world-bonus.db",
      "entity": "Item",
      "module": "dh2e_resources"
    },
	{
      "name": "SpecialAbilities_Role-Bonus",
      "label": "Special Abilities: Role Bonus",
	  "system": "dark-heresy",
      "path": "packs/SpecialAbilities/role-bonus.db",
      "entity": "Item",
      "module": "dh2e_resources"
    },
	{
      "name": "Talents_Tier_1",
      "label": "Talents: Tier 1",
	  "system": "dark-heresy",
      "path": "packs/Talents/talents1.db",
      "entity": "Item",
      "module": "dh2e_resources"
    },
	{
      "name": "Talents_Tier_2",
      "label": "Talents: Tier 2",
	  "system": "dark-heresy",
      "path": "packs/Talents/talents2.db",
      "entity": "Item",
      "module": "dh2e_resources"
    },
	{
      "name": "Talents_Tier_3",
      "label": "Talents: Tier 3",
	  "system": "dark-heresy",
      "path": "packs/Talents/talents3.db",
      "entity": "Item",
      "module": "dh2e_resources"
    },
	{
      "name": "Tools",
      "label": "Tools",
	  "system": "dark-heresy",
      "path": "packs/tools.db",
      "entity": "Item",
      "module": "dh2e_resources"
    },
	{
      "name": "Traits",
      "label": "Traits",
	  "system": "dark-heresy",
      "path": "packs/traits.db",
      "entity": "Item",
      "module": "dh2e_resources"
    },
	{
      "name": "WeaponarmorModifications",
      "label": "Weapon and Armor Modifications",
	  "system": "dark-heresy",
      "path": "packs/weapon-and-armor-modifications.db",
      "entity": "Item",
      "module": "dh2e_resources"
    }
  ]
 }