{
	"name": "dh2e_torchlight",
	"title": "Dark Heresy TorchLight",
	"description": "TorchLight HUD Controls for Dark Heresy",
	"version": "0.9.0",
	"author": "PhilippeK, edited by Nosferaschu",
	"minimumCoreVersion": "0.7.9",
	"compatibleCoreVersion":"0.7.9",
	"languages": [
		{
			"lang": "en",
			"name": "English",
			"path": "./lang/en.json"
		},
		{
			"lang": "fr",
			"name": "Français",
			"path": "./lang/fr.json"
		}
	],
	"esmodules": ["./torchlight.js"],
	"socket": true,
	"styles": [
		"/css/torchlight.css"
	],
	"packs": [],
	"manifest": "",
	"download": "",
}
